X,Y,Z,A,C,V,name,
-12.4084,-114.415,-6.46688,-1.68684,0,0,
75.1922,-171.795,0,-0.151457,0,0,destination_1,
139.008,-180.974,0,-0.205105,0,0,destination_2,
216.336,-200.815,0,-2.10967,0,0,destination_3,
