X,Y,Z,A,C,V,name,
-15.0937,-133.047,-7.37242,-1.6961,0,0,
-14.1552,-163.946,0,0.372578,0,0,destination_1,
38.5589,-167.348,0,-0.0139403,0,0,destination_2,
